Keyword,Ad Group,Type (Existing/Gap),Headline 1 (DKI),H1 Pin Position,Headline 2,Headline 3,Headline 4,Headline 5,Headline 6,Headline 7,Headline 8,Headline 9,Headline 10,Headline 11,Headline 12,Headline 13,Headline 14,Headline 15,Description 1,Description 2,Description 3,Description 4,D1 Pin Position,Rationale,Landing Page URL
[enterprise order management system],OMS,Existing,{KeyWord:Enterprise OMS},1,KIBO Order Management,Promise Accurately Deliver Fast,Real-Time Inventory Visibility,Intelligent Order Routing,Fulfill From Any Location,AI-Powered OMS Platform,Forrester Wave Strong Performer,Reduce Fulfillment Costs,Watch the OMS Demo,Talk to an OMS Expert,167% ROI with KIBO OMS,Composable OMS Platform,Trusted by Global Brands,Multi-Channel Fulfillment,Enterprise OMS with real-time inventory and AI-powered routing. Fulfill anywhere and hit SLA targets. Watch demo.,KIBO OMS delivers 167% ROI per Forrester TEI study. Reduce costs and fulfill faster. Request demo.,Intelligent order routing and real-time inventory across DCs stores and vendors. See KIBO OMS in action.,Named Strong Performer in Forrester Wave OMS Q1 2025. Enterprise-grade order management. Talk to sales.,1,DKI defaults to Enterprise OMS which fits 30 chars. Headlines cover key value props: real-time inventory AI routing Forrester recognition and ROI proof points.,https://kibocommerce.com/platform/order-management/
[b2b order management system],OMS,Existing,{KeyWord:B2B OMS Platform},1,KIBO B2B Order Management,Quote-to-Cash OMS Platform,B2B Order Orchestration,Real-Time B2B Inventory,Multi-Location OMS for B2B,AI-Powered B2B OMS,Fulfill Complex B2B Orders,Handle POs and Net Terms,Watch the B2B OMS Demo,Talk to a B2B OMS Expert,B2B Commerce + OMS Unified,Composable B2B OMS,Trusted by Manufacturers,Wholesaler OMS Platform,B2B OMS that handles complex orders POs net terms and multi-tier pricing. Unified commerce + OMS. Watch demo.,KIBO delivers 167% ROI with B2B order management. Reduce errors and fulfill faster. Request expert demo.,Intelligent B2B order routing across DCs stores and dropship vendors. Hit SLA targets. See KIBO in action.,Handle quote-to-cash complexity with unified B2B commerce and OMS on one platform. Talk to an expert.,1,DKI defaults to B2B OMS Platform. Headlines emphasize B2B-specific capabilities like POs net terms and quote-to-cash.,https://kibocommerce.com/platform/order-management/
[best order management systems],OMS,Existing,{KeyWord:Top OMS Systems},1,KIBO OMS Platform,Forrester Wave Strong Performer,2025 Gartner MQ Challenger,167% ROI Per Forrester Study,Real-Time Inventory Visibility,AI-Powered Order Routing,Fulfill From Any Location,Enterprise-Grade OMS,Compare OMS Platforms,Watch the OMS Comparison Demo,Talk to an OMS Expert,Composable OMS Architecture,Trusted by Global Retailers,Multi-DC Order Management,Omnichannel Fulfillment,Looking for the best OMS? KIBO is a Forrester Strong Performer with 167% ROI. Compare and watch demo.,KIBO named Challenger in 2025 Gartner MQ for Digital Commerce. Enterprise OMS trusted globally. Learn more.,Real-time inventory and intelligent routing across your entire network. See why brands choose KIBO OMS.,Compare enterprise OMS platforms. KIBO delivers unified commerce + OMS with AI. Request expert consultation.,1,Comparison intent keywords need analyst recognition headlines prominently. DKI defaults to Top OMS Systems.,https://kibocommerce.com/platform/order-management/
[wholesale order management system],NB - Wholesalers,Existing,{KeyWord:Wholesale OMS},1,KIBO OMS for Wholesalers,Wholesale Order Orchestration,Multi-DC Inventory Visibility,Reduce Freight Costs 25%,Honor Volume Pricing Rules,Dropship Integration Built-In,Real-Time Wholesale Inventory,B2B Portal for Wholesalers,Talk to a Wholesale Expert,Watch Wholesale OMS Demo,Reduce Split Shipments,Faster Wholesale Fulfillment,EDI Integration Included,Bulk Order Management,Lower DSO with Clean Invoicing,Wholesale OMS with multi-DC routing and real-time inventory. Reduce freight costs and hit SLA targets. Talk to expert.,KIBO for wholesalers: intelligent order routing volume pricing and B2B self-service portals. Request demo.,Eliminate margin leakage from disconnected pricing and shipping decisions. See KIBO wholesale OMS in action.,Streamline wholesale operations with unified commerce + OMS. EDI dropship and bulk ordering included. Learn more.,1,Wholesaler-specific value props: freight costs volume pricing DSO reduction. DKI defaults to Wholesale OMS.,https://kibocommerce.com/ppc/wholesale/#order-management
[wholesale ecommerce platform],NB - Wholesalers,Existing,{KeyWord:Wholesale Ecommerce},1,KIBO B2B for Wholesalers,Wholesale Commerce Platform,B2B Self-Service Portal,Volume & Tiered Pricing,Multi-Location Inventory,Unified Commerce + OMS,Bulk Order Management,Quick Order for Wholesalers,Talk to a Wholesale Expert,Watch Wholesale Demo,Contract Pricing Automation,Reorder Streamlining,Account Hierarchy Support,EDI Integration Included,Reduce Price Exceptions,Wholesale ecommerce with B2B portals volume pricing and multi-location inventory. Unified platform. Talk to expert.,KIBO for wholesalers: streamline reorders cut price exceptions and lower DSO. Request personalized demo.,Self-service B2B portal for buyers with contract pricing and approval workflows. See KIBO wholesale in action.,Modernize wholesale ecommerce without replacing your ERP. Composable architecture. Learn how KIBO helps.,1,Wholesale ecommerce focus with portal and pricing capabilities. DKI defaults to Wholesale Ecommerce (18 chars).,https://kibocommerce.com/ppc/wholesale/
[wholesale b2b portal],NB - Wholesalers,Existing,{KeyWord:Wholesale B2B Portal},1,KIBO B2B Portal,Self-Service Wholesale Portal,Buyer Portal for Wholesalers,Account Hierarchy Management,Contract Pricing in Portal,Quick Order Functionality,Real-Time Inventory Access,Order History & Reordering,Talk to a Portal Expert,Watch B2B Portal Demo,Approval Workflow Built-In,Multi-Buyer Account Access,Custom Catalogs Per Account,Field-Level Permissions,Reduce Support Touches,Wholesale B2B portal with self-service ordering contract pricing and account hierarchy. Talk to expert today.,KIBO buyer portal empowers wholesale customers with quick order reordering and real-time inventory. Demo now.,Reduce support touches with self-service B2B portal. Approval workflows and account management included.,Modernize your wholesale buyer experience with a powerful B2B portal. No ERP replacement needed. Learn more.,1,Portal-specific messaging emphasizing self-service and buyer empowerment. DKI defaults to Wholesale B2B Portal.,https://kibocommerce.com/ppc/wholesale/#b2b-commerce
[manufacturer ecommerce platform],NB - Manufacturers,Existing,{KeyWord:Manufacturer Ecomm},1,KIBO for Manufacturers,Manufacturing Commerce Platform,Dealer Portal Management,Configure Price Quote (CPQ),Multi-Tier Pricing Support,ATP/CTP Inventory Visibility,ERP Integration Without Risk,Talk to Manufacturing Expert,Watch Manufacturing Demo,Territory Management,Complex Product Configuration,EDI Transaction Handling,Real-Time Production Data,Reduce Expedited Freight,Quote-to-Cash Automation,Manufacturer ecommerce with dealer portals CPQ and ATP/CTP inventory. Unified commerce + OMS. Talk to expert.,KIBO for manufacturers: eliminate inventory blind spots and reduce expedited freight costs. Request demo.,Dealer order management portal with multi-tier pricing and territory enforcement. See KIBO in action.,Modernize manufacturing ecommerce at your pace. Keep existing ERP while adding capabilities. Learn more.,1,Manufacturing-specific: dealer portals CPQ territory management. DKI defaults to Manufacturer Ecomm (17 chars).,https://kibocommerce.com/ppc/manufacturing/
[manufacturing order management system],NB - Manufacturers,Existing,{KeyWord:Manufacturing OMS},1,KIBO OMS for Manufacturers,Manufacturing Order Platform,ATP/CTP Order Promising,Multi-Plant Inventory,Reduce Expedited Freight,Dealer Order Management,Real-Time Production Data,ERP Integration Built-In,Talk to Manufacturing Expert,Watch Manufacturing OMS Demo,Territory Enforcement,Complex Order Handling,Quote-to-Order Automation,Multi-Brand Support,Intelligent Order Routing,Manufacturing OMS with ATP/CTP multi-plant inventory and dealer management. Reduce expedited freight. Talk to expert.,KIBO OMS for manufacturers: real-time production inventory and intelligent routing. Request personalized demo.,Eliminate inventory blind spots across production facilities with unified OMS. See KIBO manufacturing in action.,Complex manufacturing orders handled with quote-to-order automation and ERP integration. Learn more about KIBO.,1,Manufacturing OMS focus with production inventory and dealer management. DKI defaults to Manufacturing OMS.,https://kibocommerce.com/ppc/manufacturing/#form
[distributor inventory management],NB - Distributors,Existing,{KeyWord:Distributor Inventory},1,KIBO for Distributors,Distribution Inventory Platform,Real-Time Distributor Inventory,Multi-Warehouse Visibility,Reduce Split Shipments,3PL Performance Tracking,Account Hierarchy Management,Talk to Distribution Expert,Watch Distributor Demo,Credit Intelligence Built-In,Vendor Data Normalization,End Allocation Conflicts,Prioritize High-Value Accounts,EDI Integration Included,Unified Commerce + OMS,Distribution inventory management with multi-warehouse visibility and 3PL tracking. End allocation conflicts. Talk to expert.,KIBO for distributors: real-time inventory across warehouses and vendors. Reduce split shipments. Request demo.,Credit intelligence and account hierarchy for distributors. Prioritize high-value accounts. See KIBO in action.,Modernize distribution operations without replacing your ERP. Composable architecture. Learn how KIBO helps.,1,Distributor-specific: multi-warehouse 3PL tracking credit intelligence. DKI defaults to Distributor Inventory.,https://kibocommerce.com/ppc/distributor/#form
[b2b commerce platform],NB - General B2B,Existing,{KeyWord:B2B Commerce},1,KIBO B2B Commerce Platform,Unified B2B Commerce + OMS,Quote-to-Cash Platform,B2B Self-Service Portal,Contract Pricing Automation,Account Hierarchy Support,AI-Powered B2B Commerce,Talk to B2B Expert,Watch B2B Commerce Demo,Composable B2B Architecture,Multi-Tier Pricing,Gartner MQ Challenger 2025,Complex Catalog Management,PO & Net Terms Handling,Approval Workflows Built-In,B2B commerce platform with unified OMS self-service portals and contract pricing. Watch demo and talk to expert.,KIBO B2B: quote-to-cash automation complex pricing and account management on one platform. Request demo.,Named Challenger in 2025 Gartner MQ for Digital Commerce. Enterprise B2B trusted globally. Learn more.,Handle B2B complexity with unified commerce + OMS. Modular deployment at your pace. Talk to an expert today.,1,General B2B platform messaging with unified commerce positioning. DKI defaults to B2B Commerce (12 chars).,https://kibocommerce.com/solutions/b2b/
[b2b ecommerce platforms],NB - General B2B,Existing,{KeyWord:B2B Ecommerce},1,KIBO B2B Ecommerce Platform,Enterprise B2B Ecommerce,Unified Commerce + OMS,B2B Self-Service Portal,Complex Pricing Automation,Gartner MQ Challenger 2025,AI-Powered B2B Platform,Talk to B2B Expert,Watch B2B Platform Demo,Composable Architecture,Forrester Recognized,Multi-Channel B2B Commerce,Quote Management Built-In,Account Hierarchy Support,Approval Workflows,B2B ecommerce platform with unified OMS AI search and self-service portals. Gartner Challenger. Watch demo.,KIBO B2B ecommerce: handle complex pricing catalogs and account hierarchies on one platform. Request demo.,Compare B2B ecommerce platforms. KIBO offers composable architecture and proven ROI. Talk to an expert.,Enterprise B2B ecommerce without the complexity. Modular deployment keeps your ERP intact. Learn more.,1,Platform comparison intent. Analyst recognition prominent. DKI defaults to B2B Ecommerce (14 chars).,https://kibocommerce.com/solutions/b2b/
[unified commerce platform],NB - General B2B,Existing,{KeyWord:Unified Commerce},1,KIBO Unified Commerce,Commerce + OMS Unified,One Platform for All Channels,Real-Time Inventory Everywhere,AI-Powered Unified Commerce,Composable Architecture,Talk to Commerce Expert,Watch Unified Commerce Demo,B2B and B2C on One Platform,Gartner MQ Challenger 2025,Modular Deployment Options,Omnichannel Fulfillment,Single Customer View,Single Inventory View,Enterprise-Grade Platform,Unified commerce platform: Commerce + OMS on one platform with real-time inventory everywhere. Watch demo.,KIBO unified commerce delivers single views of customers inventory and orders. Request personalized demo.,Named Challenger in 2025 Gartner MQ. Enterprise unified commerce trusted by global brands. Learn more.,Deploy B2B and B2C commerce on one unified platform. Composable architecture at your pace. Talk to expert.,1,Unified commerce positioning matches homepage H1. DKI defaults to Unified Commerce (16 chars).,https://kibocommerce.com/
[b2c ecommerce platform],B2C EComm,Existing,{KeyWord:B2C Ecommerce},1,KIBO B2C Commerce Platform,Headless B2C Commerce,Omnichannel B2C Experience,AI-Powered Search & Discovery,Real-Time Inventory,Subscription Commerce Built-In,Talk to B2C Expert,Watch B2C Commerce Demo,Composable Architecture,Unified Commerce + OMS,Personalization Engine,BOPIS & Curbside Ready,Gartner MQ Challenger 2025,Ship From Store Enabled,Customer Experience Platform,B2C ecommerce platform with headless architecture AI search and omnichannel fulfillment. Watch demo today.,KIBO B2C commerce: deliver seamless customer experiences with unified commerce + OMS. Request demo.,Composable B2C platform supports subscriptions BOPIS and ship-from-store. Talk to an expert about KIBO.,Named Challenger in 2025 Gartner MQ. Enterprise B2C commerce trusted by leading retailers. Learn more.,1,B2C-specific: omnichannel CX subscriptions BOPIS. DKI defaults to B2C Ecommerce (14 chars).,https://kibocommerce.com/platform/commerce/
[b2b agentic commerce],Agentic Commerce,Existing,{KeyWord:Agentic Commerce},1,KIBO Agentic Commerce,AI Agents for B2B Commerce,Automate Order Routing,Customer Service AI Agent,Analytics AI Agent,Developer AI Agent,Talk to AI Commerce Expert,Watch Agentic Commerce Demo,Reverse Logistics Agent,Forecasting AI Agent,AI for Shopping Journeys,Automate Complex Tasks,Real-Time AI Decisions,MCP Server Integration,Future-Ready Commerce,Agentic commerce with AI agents for order routing customer service and analytics. Automate complex B2B tasks. Demo.,KIBO AI agents architect shopping journeys automate service and optimize routing. Request personalized demo.,Future-ready commerce: AI agents handle tedious complex tasks across the entire buyer journey. Learn more.,Put your B2B business at the center of AI commerce. KIBO agentic platform ready now. Talk to an expert.,1,AI/agentic commerce specific with agent types listed. DKI defaults to Agentic Commerce (17 chars).,https://kibocommerce.com/platform/agentic-commerce/
[subscription commerce],B2B Other Keywords,Existing,{KeyWord:Subscription Commerce},1,KIBO Subscription Platform,Inventory-Aware Subscriptions,Flexible Billing Models,Recurring Revenue Platform,Subscription Management,Self-Service Subscriber Control,Talk to Subscription Expert,Watch Subscription Demo,Proration Management,Continuity Commerce,Auto-Replenishment Built-In,Subscription + OMS Unified,Reliable ARR Platform,Subscription Changes Easy,Inventory-Linked Subscriptions,Subscription commerce with inventory-aware continuity and flexible billing. Drive reliable ARR. Watch demo.,KIBO subscriptions: manage proration changes and self-service on one platform. Request personalized demo.,Accelerate recurring revenue despite fluctuating inventory. Subscription + OMS unified. Talk to an expert.,Inventory-aware subscriptions prevent stockouts and failed charges. See how KIBO subscription works. Demo now.,1,Subscription-specific: inventory awareness flexible billing ARR. DKI defaults to Subscription Commerce (21 chars).,https://kibocommerce.com/platform/subscription/
[real-time inventory visibility],Inventory,Gap,{KeyWord:Inventory Visibility},1,KIBO Inventory Visibility,Real-Time Inventory Platform,Network-Wide Inventory View,Multi-Location Visibility,ATP & Safety Stock Rules,Cart-Level Reservations,Talk to Inventory Expert,Watch Inventory Demo,Single Source of Truth,Future Inventory Allocation,Segment-Aware Inventory,In Stock Near You Enabled,DC + Store + Vendor View,Lot Code & Serial Tracking,Expiry Date Management,Real-time inventory visibility across DCs stores and vendors. Single source of truth everywhere. Watch demo.,KIBO inventory service: ATP safety stock and cart reservations for accurate availability. Request demo.,Show in stock near you on PDPs with network-wide inventory visibility. Talk to an inventory expert today.,Future inventory allocation using incoming stock. Segment-aware quantities. See KIBO inventory in action.,1,Inventory-specific deep capabilities. DKI defaults to Inventory Visibility (21 chars).,https://kibocommerce.com/platform/inventory-visibility/
[order routing software],OMS,Gap,{KeyWord:Order Routing},1,KIBO Order Routing Platform,Intelligent Order Routing,Rules-Based Order Routing,Automatic Source Selection,Cost & Speed Optimization,SLA-Driven Routing,Talk to Routing Expert,Watch Order Routing Demo,AI-Powered Routing Decisions,Multi-Node Routing,Split Order Capability,DC Store Vendor Routing,Reduce Shipping Costs,Hit Delivery Commitments,Routing Rules Engine,Intelligent order routing that picks the best fulfillment node by cost speed and SLA. Watch KIBO demo.,KIBO order routing: rules-driven scenarios automatically select optimal source for every order. Request demo.,Reduce shipping costs with AI-powered routing across DCs stores and dropship vendors. Talk to an expert.,Split orders intelligently across your network to hit delivery dates at lowest cost. See KIBO routing in action.,1,Order routing deep dive with cost/speed/SLA optimization. DKI defaults to Order Routing (14 chars).,https://kibocommerce.com/platform/order-management/
[composable commerce platform],B2B EComm,Gap,{KeyWord:Composable Commerce},1,KIBO Composable Commerce,Modular Commerce Platform,Deploy What You Need,No Rip and Replace,MACH Architecture Ready,Headless Commerce Platform,Talk to Composable Expert,Watch Composable Demo,API-First Commerce,Microservices Architecture,Add Modules When Ready,Unified Commerce + OMS,Gartner MQ Challenger 2025,Enterprise Composable,Scale Without Replatforming,Composable commerce platform: deploy what you need and add modules when ready. No rip and replace. Watch demo.,KIBO composable: MACH architecture with unified Commerce + OMS on one platform. Request personalized demo.,Build your roadmap not someone elses. Modular commerce that scales without replatforming. Talk to expert.,Named Challenger in 2025 Gartner MQ. Enterprise composable commerce trusted globally. Learn more about KIBO.,1,Composable/modular positioning. DKI defaults to Composable Commerce (19 chars).,https://kibocommerce.com/solutions/b2b/
[bopis software],OMS - Retail,Gap,{KeyWord:BOPIS Software},1,KIBO BOPIS Platform,Buy Online Pickup In Store,Store Fulfillment Software,Curbside Pickup Enabled,Real-Time Store Inventory,Guided Fulfillment Workflows,Talk to BOPIS Expert,Watch BOPIS Demo,Omnichannel Fulfillment,Ship From Store Ready,Accurate Pickup Times,Unified Commerce + OMS,Fulfiller UI for Stores,Multi-Location BOPIS,Reduce BOPIS Errors,BOPIS software with guided fulfillment workflows and real-time store inventory. Accurate pickup times. Watch demo.,KIBO BOPIS: buy online pickup in store with curbside and ship-from-store on one platform. Request demo.,Unified commerce + OMS enables seamless BOPIS across all your locations. Talk to a retail expert today.,Reduce BOPIS errors with guided Fulfiller UI and network-wide inventory visibility. See KIBO in action.,1,BOPIS/retail fulfillment specific. DKI defaults to BOPIS Software (14 chars).,https://kibocommerce.com/platform/order-management/
[returns management software],OMS,Gap,{KeyWord:Returns Management},1,KIBO Reverse Logistics,Returns Management Platform,Automated Disposition,RMA Software Built-In,Restock for Resale,Per-Item Disposition Rules,Talk to Returns Expert,Watch Returns Demo,AI Returns Agent,Node-Level Return Routing,Reduce Return Processing,Customer-Friendly Returns,Unified with OMS,Refund Automation,Exchange Management,Returns management with automated disposition and restock for resale. AI-powered decisions. Watch KIBO demo.,KIBO reverse logistics: per-item disposition rules route returns to the right node automatically. Request demo.,Reduce return processing time with guided workflows and unified OMS. Talk to a returns expert today.,AI returns agent automates disposition and confirms restock for resale. See KIBO reverse logistics in action.,1,Returns/reverse logistics specific with AI agent mention. DKI defaults to Returns Management (19 chars).,https://kibocommerce.com/platform/reverse-logistics/
