ad_group,link_text,description1,description2,final_url
OMS,Order Management,Enterprise-grade OMS platform,Multi-location fulfillment,https://kibocommerce.com/platform/order-management/
OMS,Inventory Visibility,Real-time ATP across locations,Prevent stockouts & oversells,https://kibocommerce.com/platform/inventory-visibility/
OMS,Returns Management,Streamlined reverse logistics,Reduce return processing costs,https://kibocommerce.com/platform/reverse-logistics/
OMS,AI Order Routing,Smart fulfillment decisions,Optimize shipping costs,https://kibocommerce.com/platform/order-management/#ai-agents
OMS,Talk to an Expert,Get a personalized demo,See Kibo in action,https://kibocommerce.com/speak-with-an-expert/
OMS,Customer Stories,See how brands succeed,Real OMS case studies,https://kibocommerce.com/customer-stories/
NB - Manufacturers,Manufacturing Commerce,Purpose-built for manufacturers,Dealer & distributor portals,https://kibocommerce.com/ppc/manufacturing/
NB - Manufacturers,B2B Dealer Portal,Self-service ordering portal,Reduce order entry costs,https://kibocommerce.com/ppc/manufacturing/#b2b-commerce
NB - Manufacturers,Order Management,Manufacturer OMS solution,Multi-channel order routing,https://kibocommerce.com/platform/order-management/
NB - Manufacturers,ERP Integration,Connect your existing systems,Pre-built ERP connectors,https://kibocommerce.com/platform/connect-hub/
NB - Manufacturers,Request a Demo,See the platform in action,Personalized walkthrough,https://kibocommerce.com/request-a-demo/
NB - Manufacturers,Customer Stories,Manufacturing success stories,Real-world case studies,https://kibocommerce.com/customer-stories/
NB - Wholesalers,Wholesale Commerce,Built for wholesale operations,Volume pricing & terms,https://kibocommerce.com/ppc/wholesale/
NB - Wholesalers,B2B Self-Service,Customer self-service portal,Reduce CSR call volume,https://kibocommerce.com/ppc/wholesale/#b2b-commerce
NB - Wholesalers,Order Management,Wholesale OMS solution,Multi-warehouse routing,https://kibocommerce.com/ppc/wholesale/#order-management
NB - Wholesalers,Inventory Visibility,Real-time stock across DCs,ATP & safety stock,https://kibocommerce.com/platform/inventory-visibility/
NB - Wholesalers,Dropship & 3PL,Extended catalog fulfillment,Endless aisle capability,https://kibocommerce.com/platform/dropship/
NB - Wholesalers,Request a Demo,See wholesale features,Personalized walkthrough,https://kibocommerce.com/request-a-demo/
NB - General B2B,B2B Commerce Platform,Unified B2B commerce solution,Composable architecture,https://kibocommerce.com/solutions/b2b/
NB - General B2B,Agentic Commerce,AI agents for B2B commerce,Automate complex workflows,https://kibocommerce.com/platform/agentic-commerce/
NB - General B2B,Order Management,Enterprise B2B OMS,Multi-channel order routing,https://kibocommerce.com/platform/order-management/
NB - General B2B,Catalog & Pricing,Contract & volume pricing,Customer-specific catalogs,https://kibocommerce.com/platform/catalog-price-promo/
NB - General B2B,AI Product Search,Vector search for B2B,Find products faster,https://kibocommerce.com/platform/ai-search/
NB - General B2B,Request a Demo,See B2B capabilities,Personalized walkthrough,https://kibocommerce.com/request-a-demo/
NB - Distributors,Distributor Commerce,Built for distribution,B2B portal & OMS combined,https://kibocommerce.com/ppc/distributor/
NB - Distributors,B2B Customer Portal,Self-service ordering,Reduce order entry costs,https://kibocommerce.com/ppc/distributor/#b2b-commerce
NB - Distributors,Inventory Management,Real-time visibility,Multi-location ATP,https://kibocommerce.com/platform/inventory-visibility/
NB - Distributors,Order Management,Distributor OMS solution,Optimize order routing,https://kibocommerce.com/platform/order-management/
NB - Distributors,Dropship Capability,Extended product catalog,Ship direct from vendors,https://kibocommerce.com/platform/dropship/
NB - Distributors,Request a Demo,See distributor features,Personalized walkthrough,https://kibocommerce.com/request-a-demo/
